task_id,good_model,good_reward,bad_model,bad_reward,delta,good_file,bad_file,overlay_file,triptych_file
"DBEVAL-V0-056","Opus 4.8","0.987319","GPT-5","0.148551","0.838768","individual_by_comparison/DBEVAL-V0-056_opus48_reward0p987__comparison_opus48_vs_gpt5__good_vs_truth.png","individual_by_comparison/DBEVAL-V0-056_gpt5_reward0p149__comparison_opus48_vs_gpt5__bad_vs_truth.png","overlays/opus48_vs_gpt5_DBEVAL-V0-056_overlay.png","triptychs/opus48_vs_gpt5_DBEVAL-V0-056_triptych.png"
"DBEVAL-V0-056","Opus 4.8","0.9873188405797102","GPT-5.5","0.1485507246376811","0.838768115942029","individual_by_comparison/DBEVAL-V0-056_opus48_reward0p987__comparison_opus48_vs_gpt55__good_vs_truth.png","individual_by_comparison/DBEVAL-V0-056_gpt55_reward0p149__comparison_opus48_vs_gpt55__bad_vs_truth.png","overlays/opus48_vs_gpt55_DBEVAL-V0-056_overlay.png","triptychs/opus48_vs_gpt55_DBEVAL-V0-056_triptych.png"
"DBEVAL-V0-050","Opus 4.8","0.7314077025232404","GPT-5.5","0.149734395750332","0.5816733067729084","individual_by_comparison/DBEVAL-V0-050_opus48_reward0p731__comparison_opus48_vs_gpt55__good_vs_truth.png","individual_by_comparison/DBEVAL-V0-050_gpt55_reward0p150__comparison_opus48_vs_gpt55__bad_vs_truth.png","overlays/opus48_vs_gpt55_DBEVAL-V0-050_overlay.png","triptychs/opus48_vs_gpt55_DBEVAL-V0-050_triptych.png"
"DBEVAL-V0-058","Opus 4.8","0.6938325991189427","GPT-5.5","0.1696035242290749","0.5242290748898678","individual_by_comparison/DBEVAL-V0-058_opus48_reward0p694__comparison_opus48_vs_gpt55__good_vs_truth.png","individual_by_comparison/DBEVAL-V0-058_gpt55_reward0p170__comparison_opus48_vs_gpt55__bad_vs_truth.png","overlays/opus48_vs_gpt55_DBEVAL-V0-058_overlay.png","triptychs/opus48_vs_gpt55_DBEVAL-V0-058_triptych.png"
"DBEVAL-V0-053","Opus 4.8","0.5533262935586061","GPT-5.4 mini","0.0311510031678986","0.5221752903907074","individual_by_comparison/DBEVAL-V0-053_opus48_reward0p553__comparison_opus48_vs_gpt54mini__good_vs_truth.png","individual_by_comparison/DBEVAL-V0-053_gpt54mini_reward0p031__comparison_opus48_vs_gpt54mini__bad_vs_truth.png","overlays/opus48_vs_gpt54mini_DBEVAL-V0-053_overlay.png","triptychs/opus48_vs_gpt54mini_DBEVAL-V0-053_triptych.png"
"DBEVAL-V0-059","Opus 4.8","0.5391692954784437","GPT-5.4 mini","0.0428496319663512","0.4963196635120925","individual_by_comparison/DBEVAL-V0-059_opus48_reward0p539__comparison_opus48_vs_gpt54mini__good_vs_truth.png","individual_by_comparison/DBEVAL-V0-059_gpt54mini_reward0p043__comparison_opus48_vs_gpt54mini__bad_vs_truth.png","overlays/opus48_vs_gpt54mini_DBEVAL-V0-059_overlay.png","triptychs/opus48_vs_gpt54mini_DBEVAL-V0-059_triptych.png"
"DBEVAL-V0-048","GPT-5.4","0.5477493917274939","GPT-5.4 mini","0.1222627737226277","0.4254866180048662","individual_by_comparison/DBEVAL-V0-048_gpt54_reward0p548__comparison_gpt54_vs_gpt54mini__good_vs_truth.png","individual_by_comparison/DBEVAL-V0-048_gpt54mini_reward0p122__comparison_gpt54_vs_gpt54mini__bad_vs_truth.png","overlays/gpt54_vs_gpt54mini_DBEVAL-V0-048_overlay.png","triptychs/gpt54_vs_gpt54mini_DBEVAL-V0-048_triptych.png"
"DBEVAL-V0-047","GPT-5.4","0.5013858093126385","GPT-5","0.1383037694013303","0.3630820399113083","individual_by_comparison/DBEVAL-V0-047_gpt54_reward0p501__comparison_gpt54_vs_gpt5__good_vs_truth.png","individual_by_comparison/DBEVAL-V0-047_gpt5_reward0p138__comparison_gpt54_vs_gpt5__bad_vs_truth.png","overlays/gpt54_vs_gpt5_DBEVAL-V0-047_overlay.png","triptychs/gpt54_vs_gpt5_DBEVAL-V0-047_triptych.png"
"DBEVAL-V0-045","Opus 4.8","0.3450226244343891","GPT-4o","0.0295733678086619","0.3154492566257272","individual_by_comparison/DBEVAL-V0-045_opus48_reward0p345__comparison_opus48_vs_gpt4o__good_vs_truth.png","individual_by_comparison/DBEVAL-V0-045_gpt4o_reward0p030__comparison_opus48_vs_gpt4o__bad_vs_truth.png","overlays/opus48_vs_gpt4o_DBEVAL-V0-045_overlay.png","triptychs/opus48_vs_gpt4o_DBEVAL-V0-045_triptych.png"
