id,good_model,bad_model,good_reward,bad_reward,good_render,bad_render,overlay_render,triptych
DBEVAL-V0-056,Opus 4.8,GPT-5,0.987319,0.148551,/Users/ibrahim/Coding/DragonBench/reports/modal_full_run/protein_folds/high_contrast/images/render_only_labeled/individual/opus48_vs_gpt5_DBEVAL-V0-056_good.png,/Users/ibrahim/Coding/DragonBench/reports/modal_full_run/protein_folds/high_contrast/images/render_only_labeled/individual/opus48_vs_gpt5_DBEVAL-V0-056_bad.png,/Users/ibrahim/Coding/DragonBench/reports/modal_full_run/protein_folds/high_contrast/images/render_only_labeled/overlays/opus48_vs_gpt5_DBEVAL-V0-056_overlay.png,/Users/ibrahim/Coding/DragonBench/reports/modal_full_run/protein_folds/high_contrast/images/render_only_labeled/triptychs/opus48_vs_gpt5_DBEVAL-V0-056_triptych.png
DBEVAL-V0-056,Opus 4.8,GPT-5.5,0.9873188405797102,0.1485507246376811,/Users/ibrahim/Coding/DragonBench/reports/modal_full_run/protein_folds/high_contrast/images/render_only_labeled/individual/opus48_vs_gpt55_DBEVAL-V0-056_good.png,/Users/ibrahim/Coding/DragonBench/reports/modal_full_run/protein_folds/high_contrast/images/render_only_labeled/individual/opus48_vs_gpt55_DBEVAL-V0-056_bad.png,/Users/ibrahim/Coding/DragonBench/reports/modal_full_run/protein_folds/high_contrast/images/render_only_labeled/overlays/opus48_vs_gpt55_DBEVAL-V0-056_overlay.png,/Users/ibrahim/Coding/DragonBench/reports/modal_full_run/protein_folds/high_contrast/images/render_only_labeled/triptychs/opus48_vs_gpt55_DBEVAL-V0-056_triptych.png
DBEVAL-V0-050,Opus 4.8,GPT-5.5,0.7314077025232404,0.149734395750332,/Users/ibrahim/Coding/DragonBench/reports/modal_full_run/protein_folds/high_contrast/images/render_only_labeled/individual/opus48_vs_gpt55_DBEVAL-V0-050_good.png,/Users/ibrahim/Coding/DragonBench/reports/modal_full_run/protein_folds/high_contrast/images/render_only_labeled/individual/opus48_vs_gpt55_DBEVAL-V0-050_bad.png,/Users/ibrahim/Coding/DragonBench/reports/modal_full_run/protein_folds/high_contrast/images/render_only_labeled/overlays/opus48_vs_gpt55_DBEVAL-V0-050_overlay.png,/Users/ibrahim/Coding/DragonBench/reports/modal_full_run/protein_folds/high_contrast/images/render_only_labeled/triptychs/opus48_vs_gpt55_DBEVAL-V0-050_triptych.png
DBEVAL-V0-058,Opus 4.8,GPT-5.5,0.6938325991189427,0.1696035242290749,/Users/ibrahim/Coding/DragonBench/reports/modal_full_run/protein_folds/high_contrast/images/render_only_labeled/individual/opus48_vs_gpt55_DBEVAL-V0-058_good.png,/Users/ibrahim/Coding/DragonBench/reports/modal_full_run/protein_folds/high_contrast/images/render_only_labeled/individual/opus48_vs_gpt55_DBEVAL-V0-058_bad.png,/Users/ibrahim/Coding/DragonBench/reports/modal_full_run/protein_folds/high_contrast/images/render_only_labeled/overlays/opus48_vs_gpt55_DBEVAL-V0-058_overlay.png,/Users/ibrahim/Coding/DragonBench/reports/modal_full_run/protein_folds/high_contrast/images/render_only_labeled/triptychs/opus48_vs_gpt55_DBEVAL-V0-058_triptych.png
DBEVAL-V0-053,Opus 4.8,GPT-5.4 mini,0.5533262935586061,0.0311510031678986,/Users/ibrahim/Coding/DragonBench/reports/modal_full_run/protein_folds/high_contrast/images/render_only_labeled/individual/opus48_vs_gpt54mini_DBEVAL-V0-053_good.png,/Users/ibrahim/Coding/DragonBench/reports/modal_full_run/protein_folds/high_contrast/images/render_only_labeled/individual/opus48_vs_gpt54mini_DBEVAL-V0-053_bad.png,/Users/ibrahim/Coding/DragonBench/reports/modal_full_run/protein_folds/high_contrast/images/render_only_labeled/overlays/opus48_vs_gpt54mini_DBEVAL-V0-053_overlay.png,/Users/ibrahim/Coding/DragonBench/reports/modal_full_run/protein_folds/high_contrast/images/render_only_labeled/triptychs/opus48_vs_gpt54mini_DBEVAL-V0-053_triptych.png
DBEVAL-V0-059,Opus 4.8,GPT-5.4 mini,0.5391692954784437,0.0428496319663512,/Users/ibrahim/Coding/DragonBench/reports/modal_full_run/protein_folds/high_contrast/images/render_only_labeled/individual/opus48_vs_gpt54mini_DBEVAL-V0-059_good.png,/Users/ibrahim/Coding/DragonBench/reports/modal_full_run/protein_folds/high_contrast/images/render_only_labeled/individual/opus48_vs_gpt54mini_DBEVAL-V0-059_bad.png,/Users/ibrahim/Coding/DragonBench/reports/modal_full_run/protein_folds/high_contrast/images/render_only_labeled/overlays/opus48_vs_gpt54mini_DBEVAL-V0-059_overlay.png,/Users/ibrahim/Coding/DragonBench/reports/modal_full_run/protein_folds/high_contrast/images/render_only_labeled/triptychs/opus48_vs_gpt54mini_DBEVAL-V0-059_triptych.png
DBEVAL-V0-048,GPT-5.4,GPT-5.4 mini,0.5477493917274939,0.1222627737226277,/Users/ibrahim/Coding/DragonBench/reports/modal_full_run/protein_folds/high_contrast/images/render_only_labeled/individual/gpt54_vs_gpt54mini_DBEVAL-V0-048_good.png,/Users/ibrahim/Coding/DragonBench/reports/modal_full_run/protein_folds/high_contrast/images/render_only_labeled/individual/gpt54_vs_gpt54mini_DBEVAL-V0-048_bad.png,/Users/ibrahim/Coding/DragonBench/reports/modal_full_run/protein_folds/high_contrast/images/render_only_labeled/overlays/gpt54_vs_gpt54mini_DBEVAL-V0-048_overlay.png,/Users/ibrahim/Coding/DragonBench/reports/modal_full_run/protein_folds/high_contrast/images/render_only_labeled/triptychs/gpt54_vs_gpt54mini_DBEVAL-V0-048_triptych.png
DBEVAL-V0-047,GPT-5.4,GPT-5,0.5013858093126385,0.1383037694013303,/Users/ibrahim/Coding/DragonBench/reports/modal_full_run/protein_folds/high_contrast/images/render_only_labeled/individual/gpt54_vs_gpt5_DBEVAL-V0-047_good.png,/Users/ibrahim/Coding/DragonBench/reports/modal_full_run/protein_folds/high_contrast/images/render_only_labeled/individual/gpt54_vs_gpt5_DBEVAL-V0-047_bad.png,/Users/ibrahim/Coding/DragonBench/reports/modal_full_run/protein_folds/high_contrast/images/render_only_labeled/overlays/gpt54_vs_gpt5_DBEVAL-V0-047_overlay.png,/Users/ibrahim/Coding/DragonBench/reports/modal_full_run/protein_folds/high_contrast/images/render_only_labeled/triptychs/gpt54_vs_gpt5_DBEVAL-V0-047_triptych.png
DBEVAL-V0-045,Opus 4.8,GPT-4o,0.3450226244343891,0.0295733678086619,/Users/ibrahim/Coding/DragonBench/reports/modal_full_run/protein_folds/high_contrast/images/render_only_labeled/individual/opus48_vs_gpt4o_DBEVAL-V0-045_good.png,/Users/ibrahim/Coding/DragonBench/reports/modal_full_run/protein_folds/high_contrast/images/render_only_labeled/individual/opus48_vs_gpt4o_DBEVAL-V0-045_bad.png,/Users/ibrahim/Coding/DragonBench/reports/modal_full_run/protein_folds/high_contrast/images/render_only_labeled/overlays/opus48_vs_gpt4o_DBEVAL-V0-045_overlay.png,/Users/ibrahim/Coding/DragonBench/reports/modal_full_run/protein_folds/high_contrast/images/render_only_labeled/triptychs/opus48_vs_gpt4o_DBEVAL-V0-045_triptych.png
